TC_ID,TC_Description,Expected_Result,Role,Operation,Expected_Error_Code,cpId,ppid,registrationDate,site,participant.firstName,participant.lastName,participant.middleName,participant.birthDate,participant.gender,participant.races.0,participant.races.1,participant.races.2,participant.ethnicities.0,participant.ethnicities.1,participant.vitalStatus,participant.deathDate,participant.emailAddress,participant.uid,participant.emrId,externalSubjectId,activityStatus,participant.pmis.0.name,participant.pmis.0.mrn,participant.pmis.1.name,participant.pmis.1.mrn
TC_P01,Positive - Full registration with all demographic fields,Pass,admin,,,$cpId,PPID-FULL-01,2024-01-15,$site,John,Doe,Michael,1990-05-20,Male,White,,,"Not Hispanic or Latino",,Alive,,john.doe.full@test.com,UID-001,EMR-001,EXT-001,Active,,,
TC_P02,Positive - Minimal mandatory fields only (firstName + lastName + cpId + ppid + site),Pass,admin,,,$cpId,PPID-MIN-01,2024-01-15,$site,Jane,Smith,,,,,,,,,,,,,,,,Active,,,
TC_P03,Positive - Female participant with full demographics,Pass,admin,,,$cpId,PPID-FEMALE-01,2024-01-16,$site,Alice,Brown,Rose,1985-03-10,Female,Asian,,,"Hispanic or Latino",,Alive,,alice.brown@test.com,UID-002,EMR-002,,Active,,,
TC_P04,Positive - Race = Black or African American,Pass,admin,,,$cpId,PPID-RACE-BLK-01,2024-01-17,$site,Robert,Johnson,,1978-07-22,Male,"Black or African American",,,Not Hispanic or Latino,,Alive,,,,,,Active,,,
TC_P05,Positive - Race = American Indian or Alaska Native,Pass,admin,,,$cpId,PPID-RACE-AI-01,2024-01-18,$site,Mary,Williams,,1992-11-30,Female,"American Indian or Alaska Native",,,Not Hispanic or Latino,,Alive,,,,,,Active,,,
TC_P06,Positive - Race = Native Hawaiian or Other Pacific Islander,Pass,admin,,,$cpId,PPID-RACE-NH-01,2024-01-19,$site,David,Jones,,1988-09-14,Male,"Native Hawaiian or Other Pacific Islander",,,Not Hispanic or Latino,,Alive,,,,,,Active,,,
TC_P07,Positive - Race = Unknown,Pass,admin,,,$cpId,PPID-RACE-UNK-01,2024-01-20,$site,Sarah,Miller,,1995-04-05,Female,Unknown,,,Unknown,,Alive,,,,,,Active,,,
TC_P08,Positive - Multiple races (White + Asian),Pass,admin,,,$cpId,PPID-MULTIRACE-01,2024-01-21,$site,Kevin,Wilson,,1983-12-01,Male,White,Asian,,Not Hispanic or Latino,,Alive,,kevin.wilson@test.com,,,EXT-002,Active,,,
TC_P09,Positive - Multiple races (3 values),Pass,admin,,,$cpId,PPID-3RACE-01,2024-01-22,$site,Laura,Moore,,1991-06-15,Female,White,Asian,"Black or African American","Hispanic or Latino",Not Hispanic or Latino,Alive,,,,,,Active,,,
TC_P10,Positive - Ethnicity = Hispanic or Latino,Pass,admin,,,$cpId,PPID-ETH-H-01,2024-01-23,$site,Carlos,Martinez,,1986-02-28,Male,White,,,"Hispanic or Latino",,Alive,,carlos.m@test.com,,,EXT-003,Active,,,
TC_P11,Positive - Ethnicity = Unknown,Pass,admin,,,$cpId,PPID-ETH-UNK-01,2024-01-24,$site,Priya,Patel,,1993-08-19,Female,Asian,,,Unknown,,Alive,,,,,,Active,,,
TC_P12,Positive - Gender = Unknown,Pass,admin,,,$cpId,PPID-GEN-UNK-01,2024-01-25,$site,Alex,Taylor,,1990-01-01,Unknown,,,,,Alive,,,,,,Active,,,
TC_P13,Positive - Gender = Unspecified,Pass,admin,,,$cpId,PPID-GEN-UNS-01,2024-01-26,$site,Jordan,Anderson,,1989-03-17,Unspecified,,,,,Alive,,,,,,Active,,,
TC_P14,Positive - Vital status = Dead with death date,Pass,admin,,,$cpId,PPID-DEAD-01,2024-01-27,$site,Thomas,Jackson,,1950-07-04,Male,White,,,Not Hispanic or Latino,,Dead,2020-06-15,,,,,Active,,,
TC_P15,Positive - Vital status = Unknown,Pass,admin,,,$cpId,PPID-VITAL-UNK-01,2024-01-28,$site,Patricia,White,,1972-11-11,Female,White,,,Not Hispanic or Latino,,Unknown,,patricia.w@test.com,,,EXT-004,Active,,,
TC_P16,Positive - Registration with email address,Pass,admin,,,$cpId,PPID-EMAIL-01,2024-01-29,$site,James,Harris,,1988-05-30,Male,White,,,Not Hispanic or Latino,,Alive,,james.harris@test.com,,,EXT-005,Active,,,
TC_P17,Positive - Registration with EMR ID,Pass,admin,,,$cpId,PPID-EMR-01,2024-01-30,$site,Linda,Clark,,1975-09-25,Female,White,,,Not Hispanic or Latino,,Alive,,,EMR-100,,,Active,,,
TC_P18,Positive - Registration with UID,Pass,admin,,,$cpId,PPID-UID-01,2024-01-31,$site,Charles,Lewis,,1982-04-12,Male,White,,,Not Hispanic or Latino,,Alive,,,,UID-100,,Active,,,
TC_P19,Positive - Registration with externalSubjectId,Pass,admin,,,$cpId,PPID-EXT-01,2024-02-01,$site,Barbara,Robinson,,1980-01-20,Female,White,,,Not Hispanic or Latino,,Alive,,,,,EXT-100,Active,,,
TC_P20,Positive - Activity status = Closed,Pass,admin,,,$cpId,PPID-CLOSED-01,2024-02-02,$site,Daniel,Walker,,1965-03-08,Male,White,,,Not Hispanic or Latino,,Alive,,,,,EXT-101,Closed,,,
TC_P21,Positive - Activity status = Disabled,Pass,admin,,,$cpId,PPID-DISABLED-01,2024-02-03,$site,Susan,Hall,,1970-06-22,Female,White,,,Not Hispanic or Latino,,Alive,,,,,EXT-102,Disabled,,,
TC_P22,Positive - Very old participant (born 1920),Pass,admin,,,$cpId,PPID-OLD-01,2024-02-04,$site,William,Young,,1920-01-01,Male,White,,,Not Hispanic or Latino,,Dead,2015-03-10,,,,,Active,,,
TC_P23,Positive - Registration date is today,Pass,admin,,,$cpId,PPID-TODAY-01,2026-03-31,$site,Helen,Allen,,1990-07-16,Female,White,,,Not Hispanic or Latino,,Alive,,,,,EXT-103,Active,,,
TC_P24,Positive - Name with hyphen (double-barreled),Pass,admin,,,$cpId,PPID-HYPHEN-01,2024-02-05,$site,Anna-Marie,Smith-Jones,,1992-08-14,Female,White,,,Not Hispanic or Latino,,Alive,,,,,EXT-104,Active,,,
TC_P25,Positive - Single-character first name,Pass,admin,,,$cpId,PPID-SCHAR-01,2024-02-06,$site,A,Lee,,1990-01-01,Male,White,,,Not Hispanic or Latino,,Alive,,,,,EXT-105,Active,,,
TC_P26,Positive - Long first name (50 chars),Pass,admin,,,$cpId,PPID-LONG-01,2024-02-07,$site,Alexanderanthonymichaelrobertjohnsonwilliamtheodr,Brown,,1992-02-02,Male,White,,,Not Hispanic or Latino,,Alive,,,,,EXT-106,Active,,,
TC_P27,Positive - PMI with single site,Pass,admin,,,$cpId,PPID-PMI1-01,2024-02-08,$site,George,King,,1984-10-10,Male,White,,,Not Hispanic or Latino,,Alive,,george.king@test.com,,,EXT-107,Active,$site,MRN-001,,
TC_P28,Positive - PMI with two sites,Pass,admin,,,$cpId,PPID-PMI2-01,2024-02-09,$site,Dorothy,Wright,,1976-04-20,Female,White,,,Not Hispanic or Latino,,Alive,,dorothy.w@test.com,,,EXT-108,Active,$site,MRN-002,$site,MRN-003
TC_P29,Positive - Participant with all optional fields filled,Pass,admin,,,$cpId,PPID-ALLFLD-01,2024-02-10,$site,Richard,Scott,Edward,1979-12-05,Male,White,,,Not Hispanic or Latino,,Alive,,richard.scott@test.com,UID-200,EMR-200,EXT-200,Active,$site,MRN-010,,
TC_P30,Positive - No middle name (explicit blank),Pass,admin,,,$cpId,PPID-NOMID-01,2024-02-11,$site,Nancy,Green,,1993-05-09,Female,Asian,,,Not Hispanic or Latino,,Alive,,nancy.green@test.com,,,EXT-109,Active,,,
TC_N01,Negative - Missing PPID (required field),Fail,admin,,CPR_PPID_REQUIRED,$cpId,,2024-01-15,$site,John,TestNoPPID,,1990-05-20,Male,White,,,Not Hispanic or Latino,,Alive,,,,,,Active,,,
TC_N02,Negative - Missing Collection Protocol ID,Fail,admin,,CPR_MISSING_COLLECTION_PROTOCOL,,PPID-NOCP-01,2024-01-15,$site,Jane,NoCPTest,,1985-03-10,Female,White,,,Not Hispanic or Latino,,Alive,,,,,,Active,,,
TC_N03,Negative - Invalid gender value (Alien),Fail,admin,,,$cpId,PPID-INVGENDER-01,2024-01-15,$site,Bob,InvalidGender,,1990-05-20,Alien,White,,,Not Hispanic or Latino,,Alive,,,,,,Active,,,
TC_N04,Negative - Invalid race value (Klingon),Fail,admin,,,$cpId,PPID-INVRACE-01,2024-01-15,$site,Carol,InvalidRace,,1990-05-20,Female,Klingon,,,Not Hispanic or Latino,,Alive,,,,,,Active,,,
TC_N05,Negative - Invalid ethnicity value (Elvish),Fail,admin,,,$cpId,PPID-INVETH-01,2024-01-15,$site,Dave,InvalidEthn,,1990-05-20,Male,White,,,Elvish,,Alive,,,,,,Active,,,
TC_N06,Negative - Future date of birth,Fail,admin,,PARTICIPANT_INVALID_BIRTH_DATE,$cpId,PPID-FUTUREDOB-01,2024-01-15,$site,Future,Born,,2099-12-31,Male,White,,,Not Hispanic or Latino,,Alive,,,,,,Active,,,
TC_N07,Negative - Invalid email address format (missing @),Fail,admin,,PARTICIPANT_INVALID_EMAIL_ID,$cpId,PPID-INVMAIL-01,2024-01-15,$site,Bad,Email,,1990-05-20,Male,White,,,Not Hispanic or Latino,,Alive,,bademail.noatsign.com,,,EXT-150,Active,,,
TC_N08,Negative - Invalid email address format (missing domain),Fail,admin,,PARTICIPANT_INVALID_EMAIL_ID,$cpId,PPID-INVMAIL-02,2024-01-15,$site,Bad2,Email2,,1990-05-20,Male,White,,,Not Hispanic or Latino,,Alive,,missing@,,,EXT-151,Active,,,
TC_N09,Negative - Invalid email address format (spaces),Fail,admin,,PARTICIPANT_INVALID_EMAIL_ID,$cpId,PPID-INVMAIL-03,2024-01-15,$site,Bad3,Email3,,1990-05-20,Male,White,,,Not Hispanic or Latino,,Alive,,bad email @domain.com,,,EXT-152,Active,,,
TC_N10,Negative - Death date in future (illogical),Fail,admin,,,$cpId,PPID-FUTDEATH-01,2024-01-15,$site,Not,Dead,,1940-01-01,Male,White,,,Not Hispanic or Latino,,Dead,2099-12-31,,,,,Active,,,
TC_N11,Negative - Death date before birth date,Fail,admin,,,$cpId,PPID-DEATHBEFORE-01,2024-01-15,$site,Dead,BeforeBorn,,1980-06-15,Male,White,,,Not Hispanic or Latino,,Dead,1975-01-01,,,,,Active,,,
TC_N12,Negative - Duplicate PPID (same CP),Fail,admin,,CPR_DUP_PPID,$cpId,PPID-DUP-01,2024-01-15,$site,Dup,Participant,,1990-05-20,Male,White,,,Not Hispanic or Latino,,Alive,,,,,,Active,,,
TC_N13,Negative - Duplicate PPID (same CP - second attempt),Fail,admin,,CPR_DUP_PPID,$cpId,PPID-DUP-01,2024-01-17,$site,Dup2,Participant2,,1991-05-20,Female,White,,,Not Hispanic or Latino,,Alive,,,,,,Active,,,
TC_N14,Negative - Invalid site name,Fail,admin,,,$cpId,PPID-INVSITE-01,2024-01-15,INVALID_SITE_XYZ_999,John,BadSite,,1990-05-20,Male,White,,,Not Hispanic or Latino,,Alive,,,,,,Active,,,
TC_N15,Negative - Registration date in far future,Fail,admin,,,$cpId,PPID-FUTREGDT-01,2099-12-31,$site,John,FutureReg,,1990-05-20,Male,White,,,Not Hispanic or Latino,,Alive,,,,,,Active,,,
TC_N16,Negative - Incorrect vital status (Immortal),Fail,admin,,,$cpId,PPID-INVVITAL-01,2024-01-15,$site,Never,Dies,,1990-05-20,Male,White,,,Not Hispanic or Latino,,Immortal,,,,,,Active,,,
TC_N17,Negative - Invalid activity status (Suspended),Fail,admin,,,$cpId,PPID-INVACT-01,2024-01-15,$site,John,BadStatus,,1990-05-20,Male,White,,,Not Hispanic or Latino,,Alive,,,,,EXT-153,Suspended,,,
TC_N18,Negative - Incorrect PMI site name,Fail,admin,,,$cpId,PPID-INVPMI-01,2024-01-15,$site,John,BadPMI,,1990-05-20,Male,White,,,Not Hispanic or Latino,,Alive,,,,,,Active,INVALID_PMI_SITE,MRN-BAD,,
TC_N19,Negative - Birth date in wrong format (DD-MM-YYYY),Fail,admin,,,$cpId,PPID-DOBFMT-01,2024-01-15,$site,John,WrongDOB,,20-05-1990,Male,White,,,Not Hispanic or Latino,,Alive,,,,,,Active,,,
TC_N20,Negative - Birth date with invalid day (day=32),Fail,admin,,,$cpId,PPID-DOBINV-01,2024-01-15,$site,John,InvalidDay,,1990-01-32,Male,White,,,Not Hispanic or Latino,,Alive,,,,,,Active,,,
TC_R01,Role - Coordinator creates participant (insufficient rights),Fail,coordinator,,RBAC_ACCESS_DENIED,$cpId,PPID-COORD-01,2024-01-15,$site,Coord,Test,,1990-05-20,Male,White,,,Not Hispanic or Latino,,Alive,,,,,,Active,,,
TC_R02,Role - Researcher creates participant (no rights),Fail,researcher,,RBAC_ACCESS_DENIED,$cpId,PPID-RES-01,2024-01-15,$site,Res,Test,,1990-05-20,Male,White,,,Not Hispanic or Latino,,Alive,,,,,,Active,,,
TC_R03,Role - Technician role (no rights),Fail,technician,,RBAC_ACCESS_DENIED,$cpId,PPID-TECH-01,2024-01-15,$site,Tech,Test,,1990-05-20,Male,White,,,Not Hispanic or Latino,,Alive,,,,,,Active,,,
TC_R04,Role - Principal Investigator creates participant,Pass,pi,,,$cpId,PPID-PI-01,2024-01-15,$site,PI,Test,,1990-05-20,Male,White,,,Not Hispanic or Latino,,Alive,,pi.test@test.com,,,EXT-200,Active,,,
TC_R05,Role - Supervisor creates participant,Pass,supervisor,,,$cpId,PPID-SUP-01,2024-01-15,$site,Sup,Test,,1990-05-20,Male,White,,,Not Hispanic or Latino,,Alive,,sup.test@test.com,,,EXT-201,Active,,,
TC_B01,Boundary - PPID with only spaces (blank after trim),Fail,admin,,CPR_PPID_REQUIRED,$cpId,   ,2024-01-15,$site,John,SpacePPID,,1990-05-20,Male,White,,,Not Hispanic or Latino,,Alive,,,,,,Active,,,
TC_B02,Boundary - Very long PPID (200 chars),Pass,admin,,,$cpId,PPID-VERYLOOOOOOOOOOOOOOOOOOOOOOOOOOOOOOOOOOOOOOOOOOOOOOOOOOOOOOOOOOOOOOOOOOOOOOOOOOOOOOOOOOOOOOOOOOOOOOOOOOOOOOOOOOOOOOOOOOOOOOOOOOOOOOOOOOOOOOOOOOOOOOOOOOOOOOOOOOOOONG-PPID-999,2024-01-15,$site,Long,PPID,,1990-05-20,Male,White,,,Not Hispanic or Latino,,Alive,,,,,,Active,,,
TC_B03,Boundary - DOB same as registration date,Pass,admin,,,$cpId,PPID-SAMEDOB-01,2024-01-15,$site,Same,DateTest,,2024-01-15,Male,White,,,Not Hispanic or Latino,,Alive,,,,,,Active,,,
TC_B04,Boundary - DOB one day before today,Pass,admin,,,$cpId,PPID-DOBESTERDAY-01,2026-03-31,$site,Born,Yesterday,,2026-03-30,Male,White,,,Not Hispanic or Latino,,Alive,,,,,,Active,,,
TC_B05,Boundary - First name with special characters,Pass,admin,,,$cpId,PPID-SPECCHAR1-01,2024-01-15,$site,O'Brien,McDonald,,1980-06-10,Male,White,,,Not Hispanic or Latino,,Alive,,,,,,Active,,,
TC_B06,Boundary - Last name with accented characters,Pass,admin,,,$cpId,PPID-ACCENT-01,2024-01-15,$site,José,García,,1990-01-01,Male,White,,,"Hispanic or Latino",,Alive,,jose.garcia@test.com,,,EXT-204,Active,,,
TC_B07,Boundary - All name fields filled (first + middle + last),Pass,admin,,,$cpId,PPID-ALLNAMES-01,2024-01-15,$site,FirstName,LastName,MiddleName,1990-01-01,Male,White,,,Not Hispanic or Latino,,Alive,,allnames@test.com,UID-300,EMR-300,EXT-205,Active,,,
TC_B08,Boundary - Ethnicity with two distinct values,Pass,admin,,,$cpId,PPID-TWOETH-01,2024-01-15,$site,Two,Ethtest,,1990-01-01,Female,White,,,"Hispanic or Latino",Not Hispanic or Latino,Alive,,2eth@test.com,,,EXT-206,Active,,,
TC_B09,Boundary - Empty email field (should be allowed),Pass,admin,,,$cpId,PPID-NOEMAIL-01,2024-01-15,$site,No,Email,,1990-01-01,Male,White,,,Not Hispanic or Latino,,Alive,,,,,,Active,,,
TC_B10,Boundary - PPID with special characters (!@#),Pass,admin,,,$cpId,PPID-!@#$%^&*-01,2024-01-15,$site,Special,PPID,,1990-01-01,Male,White,,,Not Hispanic or Latino,,Alive,,,,,,Active,,,
TC_B11,Boundary - Registration with year only birth date (1990),Fail,admin,,,$cpId,PPID-YEARONLY-01,2024-01-15,$site,Year,Only,,1990,Male,White,,,Not Hispanic or Latino,,Alive,,,,,,Active,,,
TC_B12,Boundary - Registration date as Jan 1 2000,Pass,admin,,,$cpId,PPID-Y2K-01,2000-01-01,$site,Y2K,Test,,1990-01-01,Male,White,,,Not Hispanic or Latino,,Alive,,,,,,Active,,,
TC_B13,Boundary - PMI with empty MRN (blank),Fail,admin,,,$cpId,PPID-EMPTYMRN-01,2024-01-15,$site,Empty,MRN,,1990-01-01,Male,White,,,Not Hispanic or Latino,,Alive,,,,,,Active,$site,,,
TC_B14,Boundary - uid with very long string (100 chars),Pass,admin,,,$cpId,PPID-LONGUID-01,2024-01-15,$site,Long,UID,,1990-01-01,Male,White,,,Not Hispanic or Latino,,Alive,,,UID-ABCDEFGHIJKLMNOPQRSTUVWXYZ0123456789ABCDEFGHIJKLMNOPQRSTUV,,Active,,,
TC_B15,Boundary - EMR ID with alphanumeric and hyphen,Pass,admin,,,$cpId,PPID-EMRID-01,2024-01-15,$site,EMR,IDTest,,1990-01-01,Male,White,,,Not Hispanic or Latino,,Alive,,,,EMR-NR-2024-001,,Active,,,
TC_V01,Validation - First name saved correctly to API,Pass,admin,,,$cpId,PPID-VAL-FN-01,2024-02-15,$site,ValidateFirst,NameTest,,1990-05-20,Male,White,,,Not Hispanic or Latino,,Alive,,valfirst@test.com,,,EXT-V01,Active,,,
TC_V02,Validation - Last name saved correctly to API,Pass,admin,,,$cpId,PPID-VAL-LN-01,2024-02-15,$site,John,ValidateLast,,1990-05-20,Male,White,,,Not Hispanic or Latino,,Alive,,vallast@test.com,,,EXT-V02,Active,,,
TC_V03,Validation - DOB saved correctly (timestamp conversion),Pass,admin,,,$cpId,PPID-VAL-DOB-01,2024-02-15,$site,John,DOBValidate,,1985-07-04,Male,White,,,Not Hispanic or Latino,,Alive,,valdob@test.com,,,EXT-V03,Active,,,
TC_V04,Validation - Gender saved correctly as Male,Pass,admin,,,$cpId,PPID-VAL-GENDER-M,2024-02-15,$site,Male,GenderTest,,1990-05-20,Male,White,,,Not Hispanic or Latino,,Alive,,valgendm@test.com,,,EXT-V04,Active,,,
TC_V05,Validation - Gender saved correctly as Female,Pass,admin,,,$cpId,PPID-VAL-GENDER-F,2024-02-15,$site,Female,GenderTest,,1990-05-20,Female,White,,,Not Hispanic or Latino,,Alive,,valgendf@test.com,,,EXT-V05,Active,,,
TC_V06,Validation - Race saved correctly (Asian),Pass,admin,,,$cpId,PPID-VAL-RACE-01,2024-02-15,$site,Asian,RaceTest,,1990-05-20,Female,Asian,,,Not Hispanic or Latino,,Alive,,valraceasian@test.com,,,EXT-V06,Active,,,
TC_V07,Validation - Ethnicity saved correctly,Pass,admin,,,$cpId,PPID-VAL-ETH-01,2024-02-15,$site,Hisp,EthTest,,1990-05-20,Male,White,,,"Hispanic or Latino",,Alive,,valeth@test.com,,,EXT-V07,Active,,,
TC_V08,Validation - Vital status Alive confirmed,Pass,admin,,,$cpId,PPID-VAL-ALIVE-01,2024-02-15,$site,Still,Alive,,1990-05-20,Male,White,,,Not Hispanic or Latino,,Alive,,valival@test.com,,,EXT-V08,Active,,,
TC_V09,Validation - Vital status Dead with death date confirmed,Pass,admin,,,$cpId,PPID-VAL-DEAD-01,2024-02-15,$site,Already,Dead,,1940-05-20,Male,White,,,Not Hispanic or Latino,,Dead,2020-01-01,,,,,Active,,,
TC_V10,Validation - Email address saved correctly,Pass,admin,,,$cpId,PPID-VAL-EMAIL-01,2024-02-15,$site,Email,Validate,,1990-05-20,Male,White,,,Not Hispanic or Latino,,Alive,,validate.email.exactly@domain.org,,,EXT-V10,Active,,,
TC_V11,Validation - External subject ID saved correctly,Pass,admin,,,$cpId,PPID-VAL-EXT-01,2024-02-15,$site,Ext,Validate,,1990-05-20,Male,White,,,Not Hispanic or Latino,,Alive,,,,,EXTVAL-001,Active,,,
TC_V12,Validation - Middle name saved correctly,Pass,admin,,,$cpId,PPID-VAL-MID-01,2024-02-15,$site,John,Validate,MiddleValidation,1990-05-20,Male,White,,,Not Hispanic or Latino,,Alive,,valmid@test.com,,,EXT-V12,Active,,,
TC_E01,Edge - PPID with numeric only,Pass,admin,,,$cpId,1234567890,2024-02-20,$site,Numeric,PPID,,1990-01-01,Male,White,,,Not Hispanic or Latino,,Alive,,,,,,Active,,,
TC_E02,Edge - PPID with UUID format,Pass,admin,,,$cpId,550e8400-e29b-41d4-a716-446655440000,2024-02-20,$site,UUID,PPID,,1990-01-01,Male,White,,,Not Hispanic or Latino,,Alive,,,,,,Active,,,
TC_E03,Edge - Participant with no races specified,Pass,admin,,,$cpId,PPID-NORACE-01,2024-02-20,$site,No,Race,,1990-01-01,Male,,,,,Alive,,,,,,Active,,,
TC_E04,Edge - Participant with no ethnicity specified,Pass,admin,,,$cpId,PPID-NOETH-01,2024-02-20,$site,No,Ethnicity,,1990-01-01,Female,White,,,,,Alive,,,,,,Active,,,
TC_E05,Edge - Participant with no gender specified,Pass,admin,,,$cpId,PPID-NOGEN-01,2024-02-20,$site,No,Gender,,1990-01-01,,White,,,Not Hispanic or Latino,,Alive,,,,,,Active,,,
TC_E06,Edge - Participant with no DOB specified,Pass,admin,,,$cpId,PPID-NODOB-01,2024-02-20,$site,No,DOB,,,Male,White,,,Not Hispanic or Latino,,Alive,,,,,,Active,,,
TC_E07,Edge - PPID with case sensitivity check (lowercase vs uppercase),Pass,admin,,,$cpId,ppid-case-lower-01,2024-02-20,$site,Case,Lower,,1990-01-01,Male,White,,,Not Hispanic or Latino,,Alive,,,,,,Active,,,
TC_E08,Edge - Registration on Feb 29 leap year,Pass,admin,,,$cpId,PPID-LEAPDAY-01,2024-02-29,$site,Leap,Day,,1990-01-01,Male,White,,,Not Hispanic or Latino,,Alive,,,,,,Active,,,
TC_E09,Edge - DOB on Feb 29 leap year,Pass,admin,,,$cpId,PPID-DOBLELAP-01,2024-02-20,$site,Leap,DOB,,1992-02-29,Male,White,,,Not Hispanic or Latino,,Alive,,,,,,Active,,,
TC_E10,Edge - PPID with leading and trailing spaces (after trim),Pass,admin,,,$cpId,  PPID-TRIM-01  ,2024-02-20,$site,Trim,PPID,,1990-01-01,Male,White,,,Not Hispanic or Latino,,Alive,,,,,,Active,,,
TC_E11,Edge - Very old DOB (born 1900),Pass,admin,,,$cpId,PPID-1900-01,2024-02-20,$site,Old,Century,,1900-01-01,Male,White,,,Not Hispanic or Latino,,Dead,1980-04-15,,,,,Active,,,
TC_E12,Edge - Death date same as DOB (edge case),Fail,admin,,,$cpId,PPID-SAMEDEATH-01,2024-02-20,$site,Born,Died,,1990-05-10,Male,White,,,Not Hispanic or Latino,,Dead,1990-05-10,,,,,Active,,,
TC_E13,Edge - Participant first name with numbers,Pass,admin,,,$cpId,PPID-NUMNAME-01,2024-02-20,$site,Jo3hn,Num,,1990-01-01,Male,White,,,Not Hispanic or Latino,,Alive,,,,,,Active,,,
TC_E14,Edge - External subject ID with special chars,Pass,admin,,,$cpId,PPID-EXTSPC-01,2024-02-20,$site,Ext,Special,,1990-01-01,Male,White,,,Not Hispanic or Latino,,Alive,,,,,EXT/2024/SPEC-001,Active,,,
TC_E15,Edge - Registration date before participant's birth date,Fail,admin,,,$cpId,PPID-REGBEFORE-01,1985-01-01,$site,Reg,Before,,1990-01-01,Male,White,,,Not Hispanic or Latino,,Alive,,,,,,Active,,,
